DST_IP,family
10.0.0.101,2
104.110.191.140,2
104.155.138.21,6
104.16.113.74,2
104.16.114.74,3
104.16.53.110,2
104.16.53.111,2
104.16.79.73,2
104.16.80.73,2
104.17.112.233,3
104.17.24.14,5
104.17.25.14,4
104.18.0.146,2
104.18.21.226,3
104.18.21.97,2
104.18.24.173,2
104.18.30.32,2
104.18.32.137,3
104.18.33.89,5
104.18.35.167,2
104.18.36.155,5
104.18.38.233,2
104.18.70.113,2
104.18.72.113,2
104.19.177.52,3
104.19.222.79,4
104.19.223.79,6
104.20.22.46,2
104.20.23.46,2
104.20.3.235,4
104.20.4.235,4
104.20.86.8,3
104.20.87.8,3
104.21.42.32,2
104.21.5.131,2
104.21.63.106,2
104.21.83.240,2
104.21.87.79,2
104.22.30.188,2
104.22.50.98,2
104.22.52.86,2
104.22.53.86,4
104.22.58.91,4
104.22.59.91,5
104.22.62.125,3
104.22.74.216,3
104.22.75.216,3
104.26.12.205,7
104.26.13.205,8
104.26.14.230,4
104.26.2.70,3
104.26.3.63,2
104.26.3.70,3
104.26.7.141,2
107.178.223.183,6
108.138.233.102,2
108.138.233.123,2
108.138.233.27,2
108.156.39.107,2
108.156.39.69,2
108.156.46.114,2
108.156.46.12,3
108.156.46.24,2
108.156.46.32,2
108.156.46.45,2
108.156.46.87,2
124.146.153.164,2
128.116.119.4,2
128.116.21.4,2
13.107.21.237,38
13.107.246.254,2
13.107.246.64,6
13.107.253.64,7
13.107.3.254,3
13.107.42.16,4
13.107.5.80,6
13.224.222.112,2
13.224.222.58,2
13.224.222.64,2
13.224.223.9,4
13.224.243.39,2
13.224.77.115,2
13.248.245.213,2
13.37.187.223,2
13.50.192.155,3
13.74.129.1,2
13.89.178.27,2
130.211.23.194,5
131.188.40.189,2
132.226.247.73,2
136.243.69.123,2
138.201.130.32,2
138.201.8.249,2
139.45.197.236,3
139.45.197.240,2
139.45.197.253,2
140.82.112.21,4
140.82.112.22,7
140.82.113.21,3
140.82.113.22,4
140.82.114.21,5
140.82.114.22,5
141.193.213.20,3
141.95.171.139,2
142.250.102.108,2
142.250.102.109,2
142.250.102.84,4
142.250.178.1,8
142.250.178.10,5
142.250.178.14,2
142.250.178.142,6
142.250.178.2,3
142.250.179.226,4
142.250.179.234,3
142.250.179.238,4
142.250.179.67,5
142.250.180.1,6
142.250.180.10,4
142.250.180.14,5
142.250.180.2,5
142.250.180.4,13
142.250.187.193,5
142.250.187.196,3
142.250.187.202,5
142.250.187.206,4
142.250.187.219,2
142.250.187.225,2
142.250.187.227,2
142.250.187.230,6
142.250.187.234,6
142.250.187.238,8
142.250.200.10,5
142.250.200.14,8
142.250.200.2,5
142.250.200.3,4
142.250.200.34,4
142.250.200.42,4
142.250.200.46,8
142.250.74.234,5
143.204.176.112,2
145.14.144.214,5
145.14.145.229,5
145.14.145.53,4
147.185.221.18,4
147.185.221.21,3
15.197.148.33,3
15.197.193.217,4
150.171.22.254,2
150.171.27.10,37
150.171.28.10,37
150.171.41.254,2
151.101.1.229,3
151.101.1.91,3
151.101.129.229,3
151.101.129.91,2
151.101.130.114,2
151.101.130.49,2
151.101.190.109,2
151.101.192.217,2
151.101.193.108,2
151.101.193.91,3
151.101.2.114,2
151.101.64.176,2
151.101.65.108,2
151.101.65.229,2
151.101.65.91,2
151.101.66.49,4
152.199.19.161,3
152.199.19.74,3
154.54.250.81,2
154.59.122.79,2
157.240.202.1,3
157.240.202.35,3
157.240.221.35,2
157.90.33.121,2
157.90.33.122,2
157.90.33.68,2
162.125.64.15,2
162.125.64.18,2
162.159.128.233,2
162.159.129.233,2
162.159.130.233,2
162.159.130.234,2
162.159.133.233,2
162.159.134.233,2
162.159.135.232,2
162.159.135.234,2
162.159.136.234,2
162.159.137.232,4
162.159.138.232,4
162.159.138.60,2
162.19.138.116,2
162.19.138.117,2
162.55.120.196,3
162.55.233.29,2
163.70.128.23,2
163.70.128.35,2
164.132.25.185,2
168.119.72.236,2
169.197.150.7,2
172.217.16.225,2
172.217.16.226,3
172.217.16.227,7
172.217.16.234,4
172.217.16.238,9
172.217.169.2,3
172.217.169.22,2
172.217.169.3,4
172.217.169.34,4
172.217.169.35,3
172.217.169.46,8
172.217.169.66,3
172.217.169.67,2
172.217.169.72,2
172.217.169.74,3
172.217.18.195,4
172.217.20.174,5
172.217.20.206,6
172.240.45.78,2
172.64.146.152,3
172.64.149.180,2
172.64.149.23,3
172.64.151.101,4
172.64.152.89,3
172.64.154.167,6
172.64.155.119,4
172.67.133.121,2
172.67.146.160,2
172.67.183.118,2
172.67.19.24,2
172.67.199.186,2
172.67.23.234,2
172.67.36.110,2
172.67.38.106,2
172.67.41.145,3
172.67.70.67,4
172.67.74.152,8
172.67.74.232,2
172.93.194.60,2
172.98.92.42,5
173.222.211.24,5
173.222.211.40,5
173.222.211.41,5
173.222.211.57,2
176.34.147.141,3
178.237.33.50,2
178.250.1.11,5
178.250.1.25,4
178.250.1.3,4
178.250.1.9,3
178.250.7.13,3
178.63.241.79,2
179.13.1.253,5
18.154.84.60,2
18.154.87.148,2
18.155.128.72,2
18.165.227.105,2
18.165.242.95,2
18.172.152.36,2
18.198.142.208,2
18.211.113.52,2
18.244.140.44,3
18.244.140.81,2
18.244.179.97,2
18.245.143.108,2
18.245.143.118,2
18.245.143.58,2
18.245.187.14,2
18.245.189.34,2
18.245.220.173,2
18.245.253.55,2
18.66.171.73,2
184.28.176.10,2
184.28.176.104,2
184.28.176.67,2
184.28.176.72,2
184.28.176.74,2
184.28.176.90,2
184.28.176.96,2
184.28.176.98,3
184.28.198.209,2
185.184.8.90,3
185.199.108.133,8
185.199.108.154,6
185.199.109.133,7
185.199.109.154,4
185.199.110.133,8
185.199.110.154,5
185.199.111.133,10
185.199.111.154,4
185.255.84.150,2
185.255.84.151,2
185.255.84.152,2
185.255.84.153,2
185.26.182.111,2
185.64.190.77,3
185.64.190.81,2
185.64.191.210,2
185.64.191.214,2
185.89.210.153,3
185.99.135.162,2
188.166.203.175,2
188.42.34.65,2
192.0.66.233,2
192.0.76.3,2
192.132.33.67,3
192.132.33.69,2
192.229.221.95,10
193.0.160.131,3
193.122.6.168,2
193.161.193.99,3
193.168.131.40,2
194.180.174.41,5
194.180.174.53,5
195.5.165.20,3
198.47.127.18,2
198.47.127.19,3
198.47.127.205,4
198.49.23.144,2
199.232.198.133,2
199.232.210.172,5
199.232.213.91,2
199.232.214.172,3
199.59.243.225,2
199.59.243.226,5
2.17.107.105,2
2.17.107.130,3
2.17.209.123,2
2.17.209.140,2
2.18.108.192,4
2.18.108.20,2
2.18.109.10,2
2.18.109.224,2
2.18.109.233,2
2.18.109.35,2
2.18.109.60,3
2.18.190.80,3
2.18.66.74,2
2.19.252.226,3
2.22.101.110,3
2.22.144.73,3
2.22.144.81,2
2.22.99.85,2
20.189.173.11,2
20.189.173.13,2
20.189.173.6,2
20.189.173.7,4
20.190.159.75,3
20.190.160.20,2
20.199.58.43,3
20.223.35.26,3
20.223.54.233,2
20.231.121.79,5
20.234.120.54,2
20.238.3.66,2
20.26.156.210,11
20.26.156.215,12
20.26.156.216,8
20.42.65.85,2
20.42.65.90,2
20.50.80.213,2
204.79.197.200,14
204.79.197.203,2
204.79.197.222,3
204.79.197.237,42
204.79.197.239,2
208.91.197.46,5
208.93.169.131,4
208.95.112.1,7
209.197.3.8,3
216.200.232.253,2
216.218.135.118,2
216.239.32.116,2
216.239.32.3,2
216.239.32.36,7
216.239.34.157,2
216.239.34.21,4
216.239.34.36,10
216.239.36.21,4
216.58.201.102,4
216.58.201.106,6
216.58.201.110,6
216.58.201.97,10
216.58.201.98,3
216.58.201.99,9
216.58.204.66,4
216.58.204.74,5
216.58.204.78,5
216.58.212.202,2
216.58.212.206,2
216.58.212.234,3
216.58.212.238,3
216.58.213.10,4
216.58.213.2,3
216.58.213.22,2
216.58.213.3,5
216.58.213.6,2
216.58.214.68,7
217.20.58.100,2
217.20.58.20,2
224.0.0.22,2
224.0.0.251,24
224.0.0.252,3
23.206.78.251,2
23.214.143.155,2
23.36.168.202,2
23.44.234.16,2
23.49.173.44,2
23.52.125.134,2
23.53.113.159,2
23.55.97.11,2
23.59.171.26,2
23.62.195.195,6
23.62.61.129,4
23.62.61.155,3
23.62.61.160,2
23.62.61.168,2
23.62.61.185,2
23.62.61.194,10
23.62.61.57,2
23.62.61.72,2
23.62.61.97,9
23.88.8.125,2
23.88.86.2,3
239.255.255.250,2
3.13.191.225,2
3.130.204.160,2
3.130.253.23,2
3.134.125.175,2
3.134.39.220,2
3.14.182.203,2
3.17.7.232,2
3.212.32.131,2
3.214.1.114,2
3.22.30.40,2
3.33.130.190,5
3.33.251.168,2
3.64.163.50,4
3.70.167.193,2
3.75.62.37,3
3.78.168.176,2
34.102.146.192,2
34.102.163.6,3
34.102.5.126,2
34.104.35.123,2
34.107.140.113,2
34.107.243.93,6
34.110.186.80,3
34.111.113.62,3
34.111.129.221,3
34.111.152.239,2
34.117.188.166,6
34.117.59.81,2
34.120.111.33,2
34.120.133.55,2
34.120.135.53,2
34.120.195.249,2
34.120.202.204,2
34.120.63.153,5
34.149.100.209,6
34.149.128.2,2
34.149.149.62,3
34.149.97.1,5
34.160.128.112,2
34.160.144.191,6
34.160.152.31,2
34.160.176.28,3
34.231.46.31,2
34.243.185.61,2
34.247.201.93,2
34.247.233.198,2
34.252.3.35,2
34.36.216.150,4
34.91.62.186,3
34.96.102.137,2
34.96.70.87,2
34.98.64.218,3
35.186.154.107,3
35.186.193.173,3
35.186.253.211,3
35.190.72.216,3
35.190.80.1,8
35.210.53.219,2
35.214.132.90,3
35.214.149.91,4
35.214.174.141,2
35.214.199.88,2
35.214.228.73,2
35.244.159.8,2
35.244.174.68,3
35.244.181.201,4
35.244.193.51,2
37.157.2.233,2
37.157.3.20,2
37.157.6.243,2
37.252.171.21,3
37.252.171.52,2
40.126.31.71,2
40.126.32.68,3
40.126.32.74,2
41.58.92.162,2
44.197.143.148,2
44.200.43.61,2
44.217.163.18,2
44.230.242.210,2
44.236.161.214,2
44.238.192.228,4
44.240.156.175,2
44.242.121.21,3
45.33.20.235,2
45.61.136.20,2
45.77.45.115,5
45.83.223.233,2
46.228.164.11,3
46.228.174.117,3
46.4.139.58,2
5.135.209.104,2
5.196.111.69,2
50.17.158.69,2
51.132.193.104,2
51.140.242.104,2
51.178.195.151,2
51.178.195.213,2
51.178.195.216,2
51.222.39.81,2
51.77.7.204,2
51.8.64.151,2
51.89.9.254,2
52.109.28.47,2
52.109.68.129,3
52.109.89.19,3
52.111.227.11,6
52.111.227.13,10
52.111.227.14,18
52.111.229.43,6
52.111.229.48,5
52.111.236.21,8
52.111.236.22,5
52.111.236.23,14
52.111.243.29,6
52.111.243.30,11
52.111.243.31,5
52.116.53.150,2
52.123.242.49,2
52.123.242.9,2
52.142.124.215,2
52.142.125.222,2
52.142.223.178,7
52.167.30.171,4
52.168.112.66,2
52.168.117.170,2
52.18.98.47,2
52.19.216.227,2
52.211.206.255,2
52.211.93.38,2
52.214.128.20,2
52.214.212.45,2
52.215.155.11,3
52.30.227.82,2
52.31.166.146,2
52.31.189.203,2
52.33.222.107,4
52.45.64.113,2
52.46.143.56,2
52.46.155.104,2
52.48.126.220,2
52.49.11.76,2
52.49.200.26,2
52.49.214.45,2
52.55.82.157,2
52.57.61.124,2
52.71.57.184,2
52.73.59.20,2
52.84.90.40,2
52.84.90.86,3
52.95.115.196,2
54.146.182.248,2
54.157.168.221,2
54.161.222.85,2
54.163.75.60,2
54.171.111.143,2
54.175.127.147,2
54.194.127.62,2
54.194.204.172,2
54.205.219.75,2
54.217.199.120,4
54.220.14.208,2
54.246.104.97,2
54.246.66.237,2
54.38.113.5,2
54.38.113.7,2
54.73.1.132,2
54.76.31.23,2
54.86.106.244,2
54.93.109.96,2
59.56.110.231,5
63.215.202.137,2
63.215.202.140,3
63.215.202.172,3
63.33.23.71,2
63.34.81.234,2
64.158.223.140,2
64.202.112.223,2
64.227.64.62,3
64.74.236.31,3
67.202.105.22,2
67.202.105.23,2
67.202.105.24,2
67.220.226.232,2
69.166.1.35,2
69.173.151.100,2
69.173.156.148,3
69.173.156.149,4
74.121.140.211,2
74.125.133.84,4
74.125.168.199,2
74.125.175.38,2
74.125.34.46,4
74.125.71.154,4
74.125.71.155,4
74.125.71.157,2
76.223.111.18,3
77.105.132.27,2
77.243.51.122,2
77.88.21.158,3
78.159.112.21,2
78.159.143.172,2
79.125.42.87,2
79.127.237.132,2
8.2.110.134,2
8.238.110.126,2
8.253.208.120,2
80.77.87.166,2
80.82.210.217,3
80.87.192.115,5
82.145.213.8,3
82.145.216.19,2
82.145.216.24,2
82.145.217.121,2
84.32.84.32,2
85.10.211.177,2
87.248.202.1,2
88.221.134.137,2
88.221.134.155,3
88.221.134.209,2
88.221.134.96,2
88.221.135.104,4
88.221.135.27,4
88.221.135.33,3
88.221.83.209,2
88.221.83.224,4
88.221.83.234,2
89.149.193.117,2
89.207.16.201,2
89.207.16.204,3
91.219.236.148,5
91.219.236.18,5
91.228.74.159,3
92.123.140.19,2
92.123.140.25,2
92.123.142.104,2
92.123.142.147,3
92.123.142.200,3
92.123.142.201,2
92.123.142.210,2
92.123.142.89,2
92.123.143.169,2
92.123.143.216,2
92.123.143.235,3
92.123.26.202,2
92.63.107.12,5
93.184.220.29,3
93.184.221.240,4
95.100.244.20,4
95.100.245.144,3
95.100.245.251,3
95.100.246.21,2
95.101.129.146,3
95.101.129.194,5
95.101.129.203,2
95.101.129.233,4
95.101.129.235,2
95.101.129.43,2
95.101.143.201,4
95.101.143.219,5
96.126.99.208,2
96.16.110.114,4
99.80.119.232,2
99.81.164.152,4
